Dátum,Forrás,Cím,Link,Azonosító
2026-04-04 20:30,Jófogás,97 nm-es ház eladó Gárdony,https://ingatlan.jofogas.hu/fejer/97_nm_es_haz_elado_Gardony_159385322.htm,jf_97_nm_es_haz_elado_Gardony_159385322
2026-04-04 20:30,Jófogás,Eladó 90 nm-es ház Pákozd,https://ingatlan.jofogas.hu/fejer/Elado_90_nm_es_haz_Pakozd_149775125.htm,jf_Elado_90_nm_es_haz_Pakozd_149775125
2026-04-04 20:30,Jófogás,Gárdonyi eladó 115 nm-es ház,https://ingatlan.jofogas.hu/fejer/Gardonyi_elado_115_nm_es_haz_159275723.htm,jf_Gardonyi_elado_115_nm_es_haz_159275723
2026-04-04 20:30,OTP Ingatlanpont,"OTP Ház (88 m², 74 M Ft)",https://www.otpip.hu/ingatlan/M319289/elado-ikerhaz-2481-velence-csendes?m=M319289,haz_velence_74900000_88
2026-04-04 20:30,OTP Ingatlanpont,"OTP Ház (180 m², 89 M Ft)",https://www.otpip.hu/ingatlan/M325518/elado-csaladi-haz-8095-pakozd-csendes?m=M325518,haz_pakozd_89900000_180
2026-04-04 20:30,OTP Ingatlanpont,"OTP Ház (100 m², 74 M Ft)",https://www.otpip.hu/ingatlan/M320781/elado-csaladi-haz-2475-kapolnasnyek-csendes?m=M320781,haz_kapolnasnyek_74000000_100
2026-04-04 20:30,Duna House,Duna House Ház (HZ071952),https://dh.hu/ingatlan/HZ071952/elado-haz-fejer-megye-gardony-dinnyesen,haz_gardony_93000000_95
2026-04-04 20:30,Duna House,Duna House Ház (HZ043456),https://dh.hu/ingatlan/HZ043456/elado-haz-fejer-megye-velence-vasutallomas-kozeli,haz_velence_83400000_125
2026-04-04 20:30,Duna House,Duna House Ház (HZ059975),https://dh.hu/ingatlan/HZ059975/elado-haz-fejer-megye-sukoro,haz_sukoro_75000000_90
2026-04-04 20:30,Duna House,Duna House Ház (HZ096518),https://dh.hu/ingatlan/HZ096518/elado-haz-fejer-megye-velence-jokai-utca-kozeleben,haz_velence_74900000_95
2026-04-04 20:30,Duna House,Duna House Ház (HZ053112),https://dh.hu/ingatlan/HZ053112/elado-haz-fejer-megye-gardony-csaladias-kornyezetben-kozpont-kozeli!,haz_gardony_78000000_92
2026-04-04 20:30,Duna House,Duna House Ház (HZ018538),https://dh.hu/ingatlan/HZ018538/elado-haz-fejer-megye-gardony-gardony-kozpont-kozeleben,haz_gardony_74300000_113
2026-04-04 20:30,Duna House,Duna House Ház (HZ048486),https://dh.hu/ingatlan/HZ048486/elado-haz-fejer-megye-sukoro-hangulatos-paraszthaz-a-kozpont-kozeleben,haz_sukoro_82000000_100
2026-04-04 20:30,Duna House,Duna House Ház (HZ099810),https://dh.hu/ingatlan/HZ099810/elado-haz-fejer-megye-gardony-agard,haz_gardony_89500000_110
2026-04-04 20:30,Duna House,Duna House Ház (HZ041714),https://dh.hu/ingatlan/HZ041714/elado-haz-fejer-megye-velence-az-ofalu-csodas-utcajaban,haz_velence_63000000_100
2026-04-04 20:30,Duna House,Duna House Ház (HZ085638),https://dh.hu/ingatlan/HZ085638/elado-haz-fejer-megye-gardony-gardony,haz_gardony_89500000_140
2026-04-04 20:30,Duna House,Duna House Ház (HZ079906),https://dh.hu/ingatlan/HZ079906/elado-haz-fejer-megye-sukoro,haz_sukoro_69900000_83
2026-04-04 20:30,Duna House,Duna House Ház (HZ026546),https://dh.hu/ingatlan/HZ026546/elado-haz-fejer-megye-pakozd-pakozd-kozpontkozeli,haz_pakozd_67900000_85
2026-04-04 20:30,Duna House,Duna House Ház (HZ015364),https://dh.hu/ingatlan/HZ015364/elado-haz-fejer-megye-pakozd-pakozd-kozpontjaban,haz_pakozd_62999000_125
2026-04-04 20:30,Zenga,"Frissítve: 7 napja ❯ 1/11 89,9 M Ft 499 ...",https://www.zenga.hu/ingatlan/elado-csaladi-haz-pakozd/8920372,haz_pakozd_89900000_180
2026-04-04 20:30,Zenga,"Frissítve: 3 napja ❯ 1/20 69,9 M Ft 842 ...",https://www.zenga.hu/ingatlan/elado-csaladi-haz-sukoro/8703021,haz_sukoro_69900000_83
2026-04-04 20:30,Zenga,Frissítve: 3 napja ❯ 1/14 85 M Ft 620 43...,https://www.zenga.hu/ingatlan/elado-csaladi-haz-gardony/8906147,haz_gardony_85000000_137
2026-04-04 20:30,Zenga,Frissítve: 7 napja ❯ 1/14 82 M Ft 820 00...,https://www.zenga.hu/ingatlan/elado-csaladi-haz-sukoro/8767227,haz_sukoro_82000000_100
2026-04-04 20:30,Zenga,"Frissítve: 3 hónapja ❯ 1/12 74,9 M Ft 74...",https://www.zenga.hu/ingatlan/elado-csaladi-haz-sukoro/8701543,haz_sukoro_74900000_100
2026-04-04 20:30,Zenga,"Feltöltve: 20 napja ❯ 1/10 79,9 M Ft 940...",https://www.zenga.hu/ingatlan/elado-csaladi-haz-velence/8928724,haz_velence_79900000_85
2026-04-04 20:30,Zenga,"Frissítve: 3 napja ❯ 1/9 79,9 M Ft 907 9...",https://www.zenga.hu/ingatlan/elado-ikerhaz-velence/8856731,haz_velence_79900000_88
2026-04-04 20:30,Zenga,"Frissítve: ma ❯ 1/9 83,4 M Ft 667 200 Ft...",https://www.zenga.hu/ingatlan/elado-csaladi-haz-velence/8888200,haz_velence_83400000_125
2026-04-04 20:30,Zenga,"Frissítve: ma ❯ 1/20 74,3 M Ft 657 522 F...",https://www.zenga.hu/ingatlan/elado-csaladi-haz-gardony/8714664,haz_gardony_74300000_113
2026-04-04 20:30,Zenga,Frissítve: ma ❯ 1/15 75 M Ft 773 196 Ft/...,https://www.zenga.hu/ingatlan/elado-csaladi-haz-gardony/8933958,haz_gardony_75000000_97
2026-04-04 20:30,Zenga,"Frissítve: ma ❯ 1/20 79,9 M Ft 487 195 F...",https://www.zenga.hu/ingatlan/elado-csaladi-haz-velence/8909280,haz_velence_79900000_164
2026-04-04 20:30,Zenga,"Frissítve: ma ❯ 1/9 74,9 M Ft 851 136 Ft...",https://www.zenga.hu/ingatlan/elado-ikerhaz-velence/8831799,haz_velence_74900000_88
2026-04-04 20:30,Zenga,Frissítve: ma ❯ 1/12 79 M Ft 752 381 Ft/...,https://www.zenga.hu/ingatlan/elado-csaladi-haz-gardony/8785109,haz_gardony_79000000_105
2026-04-04 20:30,Zenga,Frissítve: ma ❯ 1/20 93 M Ft 978 947 Ft/...,https://www.zenga.hu/ingatlan/elado-csaladi-haz-gardony/8955093,haz_gardony_93000000_95
2026-04-04 20:30,Zenga,"Frissítve: ma ❯ 1/20 89,5 M Ft 813 636 F...",https://www.zenga.hu/ingatlan/elado-csaladi-haz-gardony/8932251,haz_gardony_89500000_110
2026-04-04 20:30,Zenga,"Frissítve: ma ❯ 1/20 89,9 M Ft 881 373 F...",https://www.zenga.hu/ingatlan/elado-csaladi-haz-gardony-agard/8633440,haz_gardony_89900000_102
2026-04-04 20:30,Zenga,"Frissítve: ma ❯ 1/15 89,9 M Ft 432 212 F...",https://www.zenga.hu/ingatlan/elado-csaladi-haz-kapolnasnyek/8702919,haz_kapolnasnyek_89900000_208
2026-04-04 20:30,Zenga,Frissítve: ma ❯ 1/12 75 M Ft 750 000 Ft/...,https://www.zenga.hu/ingatlan/elado-csaladi-haz-sukoro/8878010,haz_sukoro_75000000_100
2026-04-04 20:30,Zenga,Zenga Ház,https://www.zenga.hu/velence+agard+gardony+pakozd+sukoro+kapolnasnyek+elado+haz+ar-60000000-93000000+alapterulet-80-+fix3-1,zenga_1
2026-04-04 20:30,Zenga,Zenga Ház,https://www.zenga.hu/velence-bencehegy+elado+haz,zenga_ehegyeladohaz
2026-04-04 20:30,Zenga,Zenga Ház,https://www.zenga.hu/velence-honved-lakotelep+elado+haz,zenga_telepeladohaz
2026-04-04 20:30,Zenga,Zenga Ház,https://www.zenga.hu/velence-velencefurdo+elado+haz,zenga_furdoeladohaz
2026-04-04 20:30,Ingatlan.com,Elrejtetted ezt az ingatlant és az összes hozzá ta...,https://ingatlan.com/35080917,icom_35080917
2026-04-04 20:30,Ingatlan.com,Elrejtetted ezt az ingatlant és az összes hozzá ta...,https://ingatlan.com/35241979,icom_35241979
2026-04-04 20:30,Ingatlan.com,Elrejtetted ezt az ingatlant és az összes hozzá ta...,https://ingatlan.com/35243968,icom_35243968
2026-04-04 20:30,Ingatlan.com,Elrejtetted ezt az ingatlant és az összes hozzá ta...,https://ingatlan.com/35291659,icom_35291659
2026-04-04 20:30,Ingatlan.com,Elrejtetted ezt az ingatlant és az összes hozzá ta...,https://ingatlan.com/35301266,icom_35301266
2026-04-04 20:30,Ingatlan.com,Elrejtetted ezt az ingatlant és az összes hozzá ta...,https://ingatlan.com/35086212,icom_35086212
2026-04-04 20:30,Ingatlan.com,Elrejtetted ezt az ingatlant és az összes hozzá ta...,https://ingatlan.com/35092587,icom_35092587
2026-04-04 20:30,Ingatlan.com,Elrejtetted ezt az ingatlant és az összes hozzá ta...,https://ingatlan.com/35194993,icom_35194993
2026-04-04 20:30,Ingatlan.com,Elrejtetted ezt az ingatlant és az összes hozzá ta...,https://ingatlan.com/35239273,icom_35239273
2026-04-04 20:30,Ingatlan.com,Elrejtetted ezt az ingatlant és az összes hozzá ta...,https://ingatlan.com/35306068,icom_35306068
2026-04-04 20:30,Ingatlan.com,Elrejtetted ezt az ingatlant és az összes hozzá ta...,https://ingatlan.com/35044980,icom_35044980
2026-04-04 20:30,Ingatlan.com,Elrejtetted ezt az ingatlant és az összes hozzá ta...,https://ingatlan.com/35313273,icom_35313273
2026-04-04 20:30,Ingatlan.com,Elrejtetted ezt az ingatlant és az összes hozzá ta...,https://ingatlan.com/34514787,icom_34514787
2026-04-04 20:30,Ingatlan.com,Elrejtetted ezt az ingatlant és az összes hozzá ta...,https://ingatlan.com/35139715,icom_35139715
2026-04-04 20:30,Ingatlan.com,Elrejtetted ezt az ingatlant és az összes hozzá ta...,https://ingatlan.com/35073910,icom_35073910
2026-04-04 20:30,Ingatlan.com,Elrejtetted ezt az ingatlant és az összes hozzá ta...,https://ingatlan.com/35047791,icom_35047791
2026-04-04 20:30,Ingatlan.com,Elrejtetted ezt az ingatlant és az összes hozzá ta...,https://ingatlan.com/35295720,icom_35295720
2026-04-04 20:30,Ingatlan.com,Elrejtetted ezt az ingatlant és az összes hozzá ta...,https://ingatlan.com/35293914,icom_35293914
2026-04-04 20:30,Ingatlan.com,Elrejtetted ezt az ingatlant és az összes hozzá ta...,https://ingatlan.com/35283350,icom_35283350
2026-04-04 20:30,Ingatlan.com,Elrejtetted ezt az ingatlant és az összes hozzá ta...,https://ingatlan.com/35261807,icom_35261807
